type,id,name,email_or_phone,password_hint
admin,ADM0001,Pavanth Kumar,admin@caresync.hospital,admin123
doctor,DOC0001,Siddhi Sharma,siddhi.sharma.doc1@caresync.hospital,doctor1
doctor,DOC0002,Arjun Saxena,arjun.saxena.doc2@caresync.hospital,doctor2
doctor,DOC0003,Meera Reddy,meera.reddy.doc3@caresync.hospital,doctor3
doctor,DOC0004,Rahul Bose,rahul.bose.doc4@caresync.hospital,doctor4
doctor,DOC0005,Aditya Saxena,aditya.saxena.doc5@caresync.hospital,doctor5
doctor,DOC0006,Kiran Khan,kiran.khan.doc6@caresync.hospital,doctor6
doctor,DOC0007,Sanya Iyer,sanya.iyer.doc7@caresync.hospital,doctor7
doctor,DOC0008,Priya Verma,priya.verma.doc8@caresync.hospital,doctor8
doctor,DOC0009,Sneha Saxena,sneha.saxena.doc9@caresync.hospital,doctor9
doctor,DOC0010,Lakshmi Shah,lakshmi.shah.doc10@caresync.hospital,doctor10
doctor,DOC0011,Meera Kapoor,meera.kapoor.doc11@caresync.hospital,doctor11
doctor,DOC0012,Kumar Shah,kumar.shah.doc12@caresync.hospital,doctor12
doctor,DOC0013,Lakshmi Reddy,lakshmi.reddy.doc13@caresync.hospital,doctor13
doctor,DOC0014,Kavya Chaudhary,kavya.chaudhary.doc14@caresync.hospital,doctor14
doctor,DOC0015,Sneha Dutta,sneha.dutta.doc15@caresync.hospital,doctor15
doctor,DOC0016,Nitin Gupta,nitin.gupta.doc16@caresync.hospital,doctor16
doctor,DOC0017,Rahul Verma,rahul.verma.doc17@caresync.hospital,doctor17
doctor,DOC0018,Rajesh Pillai,rajesh.pillai.doc18@caresync.hospital,doctor18
doctor,DOC0019,Vivaan Joshi,vivaan.joshi.doc19@caresync.hospital,doctor19
doctor,DOC0020,Manish Reddy,manish.reddy.doc20@caresync.hospital,doctor20
doctor,DOC0021,Shreya Chaudhary,shreya.chaudhary.doc21@caresync.hospital,doctor21
doctor,DOC0022,Siddharth Saxena,siddharth.saxena.doc22@caresync.hospital,doctor22
doctor,DOC0023,Siddhi Mehta,siddhi.mehta.doc23@caresync.hospital,doctor23
doctor,DOC0024,Sunil Tripathi,sunil.tripathi.doc24@caresync.hospital,doctor24
doctor,DOC0025,Arjun Joshi,arjun.joshi.doc25@caresync.hospital,doctor25
doctor,DOC0026,Divya Chaudhary,divya.chaudhary.doc26@caresync.hospital,doctor26
doctor,DOC0027,Tara Pillai,tara.pillai.doc27@caresync.hospital,doctor27
doctor,DOC0028,Deepa Khan,deepa.khan.doc28@caresync.hospital,doctor28
doctor,DOC0029,Keerthi Sharma,keerthi.sharma.doc29@caresync.hospital,doctor29
doctor,DOC0030,Tara Khan,tara.khan.doc30@caresync.hospital,doctor30
nurse,NRS0001,Suresh Reddy,suresh.reddy.nrs1@caresync.hospital,nurse1
nurse,NRS0002,Arjun Iyer,arjun.iyer.nrs2@caresync.hospital,nurse2
nurse,NRS0003,Kumar Desai,kumar.desai.nrs3@caresync.hospital,nurse3
nurse,NRS0004,Tara Rao,tara.rao.nrs4@caresync.hospital,nurse4
nurse,NRS0005,Lakshmi Joshi,lakshmi.joshi.nrs5@caresync.hospital,nurse5
nurse,NRS0006,Aarav Kumar,aarav.kumar.nrs6@caresync.hospital,nurse6
nurse,NRS0007,Deepa Ghosh,deepa.ghosh.nrs7@caresync.hospital,nurse7
nurse,NRS0008,Siddhi Rao,siddhi.rao.nrs8@caresync.hospital,nurse8
nurse,NRS0009,Siddhi Naik,siddhi.naik.nrs9@caresync.hospital,nurse9
nurse,NRS0010,Suman Kumar,suman.kumar.nrs10@caresync.hospital,nurse10
nurse,NRS0011,Keerthi Khan,keerthi.khan.nrs11@caresync.hospital,nurse11
nurse,NRS0012,Pavan Sharma,pavan.sharma.nrs12@caresync.hospital,nurse12
nurse,NRS0013,Sneha Khan,sneha.khan.nrs13@caresync.hospital,nurse13
nurse,NRS0014,Kumar Pillai,kumar.pillai.nrs14@caresync.hospital,nurse14
nurse,NRS0015,Arjun Patel,arjun.patel.nrs15@caresync.hospital,nurse15
nurse,NRS0016,Suman Verma,suman.verma.nrs16@caresync.hospital,nurse16
nurse,NRS0017,Ishaan Gupta,ishaan.gupta.nrs17@caresync.hospital,nurse17
nurse,NRS0018,Ila Sharma,ila.sharma.nrs18@caresync.hospital,nurse18
nurse,NRS0019,Rahul Chowdhury,rahul.chowdhury.nrs19@caresync.hospital,nurse19
nurse,NRS0020,Vivaan Gupta,vivaan.gupta.nrs20@caresync.hospital,nurse20
nurse,NRS0021,Venkatesh Desai,venkatesh.desai.nrs21@caresync.hospital,nurse21
nurse,NRS0022,Vikas Naik,vikas.naik.nrs22@caresync.hospital,nurse22
nurse,NRS0023,Vivaan Mehta,vivaan.mehta.nrs23@caresync.hospital,nurse23
nurse,NRS0024,Shreya Patel,shreya.patel.nrs24@caresync.hospital,nurse24
nurse,NRS0025,Siddharth Prasad,siddharth.prasad.nrs25@caresync.hospital,nurse25
nurse,NRS0026,Deepa Saxena,deepa.saxena.nrs26@caresync.hospital,nurse26
nurse,NRS0027,Sunil Malhotra,sunil.malhotra.nrs27@caresync.hospital,nurse27
nurse,NRS0028,Vivaan Singh,vivaan.singh.nrs28@caresync.hospital,nurse28
nurse,NRS0029,Vivaan Gupta,vivaan.gupta.nrs29@caresync.hospital,nurse29
nurse,NRS0030,Sunil Naik,sunil.naik.nrs30@caresync.hospital,nurse30
nurse,NRS0031,Vikas Shah,vikas.shah.nrs31@caresync.hospital,nurse31
nurse,NRS0032,Suresh Bhandari,suresh.bhandari.nrs32@caresync.hospital,nurse32
nurse,NRS0033,Shreya Patel,shreya.patel.nrs33@caresync.hospital,nurse33
nurse,NRS0034,Meera Sharma,meera.sharma.nrs34@caresync.hospital,nurse34
nurse,NRS0035,Venkatesh Iyer,venkatesh.iyer.nrs35@caresync.hospital,nurse35
nurse,NRS0036,Sunil Saxena,sunil.saxena.nrs36@caresync.hospital,nurse36
nurse,NRS0037,Divya Desai,divya.desai.nrs37@caresync.hospital,nurse37
nurse,NRS0038,Keerthi Gupta,keerthi.gupta.nrs38@caresync.hospital,nurse38
nurse,NRS0039,Ramesh Saxena,ramesh.saxena.nrs39@caresync.hospital,nurse39
nurse,NRS0040,Vivaan Kumar,vivaan.kumar.nrs40@caresync.hospital,nurse40
nurse,NRS0041,Sai Ghosh,sai.ghosh.nrs41@caresync.hospital,nurse41
nurse,NRS0042,Nisha Iyer,nisha.iyer.nrs42@caresync.hospital,nurse42
nurse,NRS0043,Ila Singh,ila.singh.nrs43@caresync.hospital,nurse43
nurse,NRS0044,Kumar Malhotra,kumar.malhotra.nrs44@caresync.hospital,nurse44
nurse,NRS0045,Deepa Bose,deepa.bose.nrs45@caresync.hospital,nurse45
nurse,NRS0046,Nitin Kumar,nitin.kumar.nrs46@caresync.hospital,nurse46
nurse,NRS0047,Ananya Mishra,ananya.mishra.nrs47@caresync.hospital,nurse47
nurse,NRS0048,Suresh Khan,suresh.khan.nrs48@caresync.hospital,nurse48
nurse,NRS0049,Deepa Saxena,deepa.saxena.nrs49@caresync.hospital,nurse49
nurse,NRS0050,Aditya Malhotra,aditya.malhotra.nrs50@caresync.hospital,nurse50
nurse,NRS0051,Divya Bose,divya.bose.nrs51@caresync.hospital,nurse51
nurse,NRS0052,Deepa Pillai,deepa.pillai.nrs52@caresync.hospital,nurse52
nurse,NRS0053,Rahul Sharma,rahul.sharma.nrs53@caresync.hospital,nurse53
nurse,NRS0054,Keerthi Ghosh,keerthi.ghosh.nrs54@caresync.hospital,nurse54
nurse,NRS0055,Pooja Iyer,pooja.iyer.nrs55@caresync.hospital,nurse55
nurse,NRS0056,Vivaan Kumar,vivaan.kumar.nrs56@caresync.hospital,nurse56
nurse,NRS0057,Ramesh Kapoor,ramesh.kapoor.nrs57@caresync.hospital,nurse57
nurse,NRS0058,Ramesh Shah,ramesh.shah.nrs58@caresync.hospital,nurse58
nurse,NRS0059,Divya Patel,divya.patel.nrs59@caresync.hospital,nurse59
nurse,NRS0060,Suresh Kumar,suresh.kumar.nrs60@caresync.hospital,nurse60
patient,PAT000001,Siddhi Kapoor,555-688-7693,Use Patient ID + Phone
patient,PAT000003,Siddharth Chaudhary,555-460-2520,Use Patient ID + Phone
patient,PAT000004,Sai Mehta,555-760-5191,Use Patient ID + Phone
patient,PAT000008,Venkatesh Tripathi,555-391-6773,Use Patient ID + Phone
patient,PAT000009,Tara Sharma,555-173-6091,Use Patient ID + Phone
patient,PAT000014,Rohan Dutta,555-398-3574,Use Patient ID + Phone
patient,PAT000015,Rajesh Iyer,555-241-6005,Use Patient ID + Phone
patient,PAT000017,Kavya Sharma,555-876-8437,Use Patient ID + Phone
patient,PAT000021,Priya Bhandari,555-193-6164,Use Patient ID + Phone
patient,PAT000022,Kavya Dutta,555-515-2417,Use Patient ID + Phone
patient,PAT000023,Sneha Ghosh,555-828-3704,Use Patient ID + Phone
patient,PAT000024,Keerthi Joshi,555-864-4694,Use Patient ID + Phone
patient,PAT000026,Ishaan Chowdhury,555-569-8619,Use Patient ID + Phone
patient,PAT000027,Lakshmi Kapoor,555-970-4042,Use Patient ID + Phone
patient,PAT000031,Pooja Pillai,555-896-3254,Use Patient ID + Phone
patient,PAT000038,Amit Bhandari,555-987-7537,Use Patient ID + Phone
patient,PAT000041,Deepa Dutta,555-526-7670,Use Patient ID + Phone
patient,PAT000053,Vikas Shah,555-687-5435,Use Patient ID + Phone
patient,PAT000054,Ritika Mishra,555-518-4286,Use Patient ID + Phone
patient,PAT000060,Priya Singh,555-363-2463,Use Patient ID + Phone
patient,PAT000061,Nitin Kumar,555-333-4115,Use Patient ID + Phone
patient,PAT000065,Arjun Kumar,555-102-1694,Use Patient ID + Phone
patient,PAT000067,Sai Mehta,555-452-7594,Use Patient ID + Phone
